<?xml version="1.0" ?>
<configuration>
    <title>{ftype}</title>
    <fields>
        <field name="ftype"/>
        <field name="incident_number" alias="Incident Number" visible="true"/>
        <field name="collection_time" alias="Collection Time" visible="true"/>
        <field name="description" alias="Description" visible="true"/>
    </fields>
    <showattachments>true</showattachments>
</configuration>

<!--
    Pop-up configuration file for:
    http://sampleserver3.arcgisonline.com/ArcGIS/rest/services/HomelandSecurity/operations/FeatureServer/2

    See pop-up documentation at
    http://links.esri.com/flexviewer/popups
-->